{"cameraMode":{"drawMode":0,"name":"Shaded","section":"Shading Mode"},"sceneLighting":true,"audioPlay":false,"sceneViewState":{"m_AlwaysRefresh":false,"showFog":true,"showSkybox":true,"showFlares":true,"showImageEffects":true,"showParticleSystems":true,"showVisualEffectGraphs":true,"m_FxEnabled":true},"in2DMode":false,"pivot":{"x":6.96334171295166,"y":1.234370470046997,"z":-10.485262870788575},"rotation":{"x":-0.00024262223450932652,"y":-0.9991140365600586,"z":0.042296625673770908,"w":-0.005385338328778744},"size":3.0237550735473635,"orthographic":false}